frecuencia_hz,psd
0.0,1.866491190945489e-06
1.0000000000001101,9.329988312538192e-07
2.0000000000002203,4.431417541244421e-13
3.0000000000003304,5.439728516211512e-13
4.0000000000004405,7.039503099981917e-13
5.000000000000551,9.4902447174016e-13
6.000000000000661,1.320148271493448e-12
7.000000000000771,1.9034881454296605e-12
8.000000000000881,3.1506282998598055e-12
9.000000000000991,5.854922319524339e-12
10.000000000001101,1.8904275062792967e-11
11.000000000001211,5.5487404761821674e-11
12.000000000001322,2.3856476150331764e-10
13.000000000001432,7.792057456799757e-10
14.000000000001542,2.9605398792667483e-09
15.000000000001652,1.015030754847726e-08
16.000000000001762,2.99443139156882e-08
17.000000000001872,1.0770094020979725e-07
18.000000000001982,4.853177346377742e-07
19.000000000002093,2.6232222410316225e-06
20.000000000002203,9.691994723295572e-06
21.000000000002313,1.9893943640114403e-05
22.000000000002423,3.0505559010739046e-05
23.000000000002533,4.8710517548686626e-05
24.000000000002643,9.239782950884886e-05
25.000000000002753,0.00015334083530783215
26.000000000002863,0.00022712222752309074
27.000000000002974,0.00035414131933290244
28.000000000003084,0.0004050833094142224
29.000000000003194,0.00042535837160997947
30.000000000003304,0.0007910128062153689
31.000000000003414,0.0014664907490793972
32.000000000003524,0.0011258945693279753
33.00000000000364,0.0007942782779317686
34.000000000003745,0.0007007951036001814
35.00000000000385,0.0006091601679433857
36.000000000003965,0.0006650362313853427
37.00000000000408,0.000893951151541876
38.000000000004185,0.001453882069996227
39.00000000000429,0.0009896079135878631
40.000000000004405,0.0015691780413964135
41.00000000000452,0.0010068411383780378
42.000000000004626,0.000500349598179133
43.00000000000473,0.0012718556040422497
44.000000000004846,0.0015750614220794556
45.00000000000496,0.0014319551526418557
46.000000000005066,0.0010634492601160155
47.00000000000517,0.001310940461498667
48.000000000005286,0.001321022386893369
49.0000000000054,0.0012048715787811046
50.00000000000551,0.0014362804845894687
51.00000000000561,0.0014532085702557728
52.00000000000573,0.001362642404783261
53.00000000000584,0.0010875980305044364
54.00000000000595,0.0012969048475688528
55.000000000006054,0.0014678776221360985
56.00000000000617,0.001240959766664547
57.00000000000628,0.0022841819714546382
58.00000000000639,0.0013463657411103423
59.000000000006494,0.0011891033879540013
60.00000000000661,0.001056945166392245
61.00000000000672,0.0010115483282438973
62.00000000000683,0.0007578490460271894
63.000000000006935,0.0009411909893037397
64.00000000000705,0.0011571450534704156
65.00000000000716,0.0012527179878599167
66.00000000000728,0.0015797195832613412
67.00000000000738,0.00268429377728467
68.00000000000749,0.0027925165518355977
69.0000000000076,0.0019148766055678988
70.0000000000077,0.0011410583864814184
71.00000000000782,0.0008749714737605316
72.00000000000793,0.0005416319479349804
73.00000000000804,0.0005944600748377993
74.00000000000816,0.0010724762637523376
75.00000000000826,0.0018486441297703453
76.00000000000837,0.0014227999548562153
77.00000000000848,0.001365182645810958
78.00000000000858,0.0008779377872208348
79.0000000000087,0.0010226250888877107
80.00000000000881,0.0012596892121739787
81.00000000000892,0.0014320368384477852
82.00000000000904,0.0017037725566274213
83.00000000000914,0.001169999544442861
84.00000000000925,0.0013387910145934748
85.00000000000936,0.002174596939589038
86.00000000000946,0.0020822745397573485
87.00000000000958,0.0015861885826469772
88.00000000000969,0.0016008244323999004
89.0000000000098,0.0022514279000370604
90.00000000000992,0.0015792435175405904
91.00000000001002,0.0010618263886052678
92.00000000001013,0.0008017868090428693
93.00000000001025,0.0007421100362384914
94.00000000001035,0.0008401847097139476
95.00000000001046,0.001121576543345557
96.00000000001057,0.0013412730351130536
97.00000000001069,0.001290326282528978
98.0000000000108,0.0020186848901741785
99.0000000000109,0.0011267042504524085
100.00000000001101,0.001115373521266578
101.00000000001113,0.0010075966264734538
102.00000000001123,0.0009156039300683539
103.00000000001134,0.000797349454450565
104.00000000001145,0.000705720034522556
105.00000000001157,0.0015450881397757901
106.00000000001168,0.0020192057036560783
107.00000000001178,0.0009275256596100705
108.0000000000119,0.0007735680141960319
109.00000000001201,0.001633547157442776
110.00000000001211,0.0022504542421991182
111.00000000001222,0.0017867485714339315
112.00000000001234,0.0008606904604905554
113.00000000001245,0.000746405497250724
114.00000000001256,0.0009109344329073326
115.00000000001266,0.0013991070446635195
116.00000000001278,0.0020127086243069358
117.00000000001289,0.002765953152163035
118.00000000001299,0.003474590430517202
119.0000000000131,0.0018173942782046602
120.00000000001322,0.001491044180953168
121.00000000001333,0.0013519399565471543
122.00000000001344,0.0010376237895328897
123.00000000001354,0.001617519318188377
124.00000000001366,0.0019109903064284811
125.00000000001377,0.0014261542492139373
126.00000000001387,0.0015052786059154993
127.00000000001398,0.001631757653094609
128.0000000000141,0.0011773470160035661
129.0000000000142,0.0012188451237884145
130.00000000001432,0.0014802670015845387
131.00000000001444,0.0015580274433626108
132.00000000001455,0.001604068282296407
133.00000000001464,0.0016544341283745642
134.00000000001475,0.001500724842416499
135.00000000001486,0.0012999895738010545
136.00000000001498,0.0016403040225015971
137.0000000000151,0.002187185737934485
138.0000000000152,0.0016320450930984286
139.00000000001532,0.0011854156927399988
140.0000000000154,0.0008988877937321796
141.00000000001552,0.0007506417976914766
142.00000000001563,0.0011554584343767852
143.00000000001575,0.0010019195965111371
144.00000000001586,0.0009056619069240128
145.00000000001597,0.0009161769909260684
146.0000000000161,0.0005719381678761904
147.0000000000162,0.0013356670571651643
148.0000000000163,0.001916907241371657
149.0000000000164,0.001423412790553325
150.0000000000165,0.0009493060139218089
151.00000000001663,0.0009444665812055475
152.00000000001674,0.0008082116062323098
153.00000000001685,0.0009654000824831815
154.00000000001697,0.0013391755675444782
155.00000000001708,0.0012631429907771783
156.00000000001717,0.0012779499052432946
157.00000000001728,0.0013363101132357307
158.0000000000174,0.001316769368388354
159.0000000000175,0.0009952272992509023
160.00000000001762,0.0010780970181668115
161.00000000001774,0.000498831071649801
162.00000000001785,0.0008784143175750936
163.00000000001796,0.001167285469475061
164.00000000001808,0.0011542555196281262
165.00000000001816,0.0012062140507898217
166.00000000001828,0.0012136760785606594
167.0000000000184,0.0012659756822676655
168.0000000000185,0.000890412767077229
169.00000000001862,0.0006576903262532418
170.00000000001873,0.0008370334892891323
171.00000000001884,0.0013453777099758108
172.00000000001893,0.0019935068072362027
173.00000000001904,0.0015155927560614795
174.00000000001916,0.0016707610875119887
175.00000000001927,0.0009347835148837704
176.00000000001938,0.001854889345260122
177.0000000000195,0.0019440574967755752
178.0000000000196,0.0009579913615757653
179.00000000001972,0.0007873976140666565
180.00000000001984,0.0011614281720566894
181.00000000001992,0.0007716158879355172
182.00000000002004,0.0008219938198730813
183.00000000002015,0.0011339508402365666
184.00000000002026,0.000892023037565935
185.00000000002038,0.0010387086011584994
186.0000000000205,0.0013127315728676137
187.0000000000206,0.0012381580437490602
188.0000000000207,0.001352879443075132
189.0000000000208,0.0021050815071618593
190.00000000002092,0.0017829304354791565
191.00000000002103,0.0019499167272800078
192.00000000002115,0.0024021258258994224
193.00000000002126,0.0020717236066278553
194.00000000002137,0.0016998148442221408
195.0000000000215,0.001217258887620234
196.0000000000216,0.0015776889975665511
197.00000000002169,0.001161603372992103
198.0000000000218,0.0017828488294694706
199.0000000000219,0.0011836252950802636
200.00000000002203,0.0008663612928700567
201.00000000002214,0.0006799467978403419
202.00000000002225,0.0008214386997571636
203.00000000002237,0.0009566695382093708
204.00000000002245,0.0008385784231102187
205.00000000002257,0.0008849451341600263
206.00000000002268,0.0011775090137476493
207.0000000000228,0.001790763900636945
208.0000000000229,0.0012996810891856634
209.00000000002302,0.0012244051800778344
210.00000000002314,0.0012915886104392493
211.00000000002325,0.001103965350893007
212.00000000002336,0.001017246184409181
213.00000000002345,0.001848441059877574
214.00000000002356,0.0016378732975437394
215.00000000002368,0.0019437980809960589
216.0000000000238,0.001993013206967329
217.0000000000239,0.002004057425782532
218.00000000002402,0.0014730827194807021
219.00000000002413,0.0014614551177367307
220.00000000002422,0.0014199417798680513
221.00000000002433,0.0007894891124495377
222.00000000002444,0.0009236560543128424
223.00000000002456,0.0015815622213630205
224.00000000002467,0.001734764419867317
225.00000000002478,0.0014361779043977649
226.0000000000249,0.0019030841705494413
227.000000000025,0.0020540194527022657
228.00000000002512,0.001425658180787054
229.0000000000252,0.0013862300626181438
230.00000000002532,0.000880649552092538
231.00000000002544,0.0015231001342305814
232.00000000002555,0.0014279115127229089
233.00000000002566,0.0009521155608809754
234.00000000002578,0.0005881436398958639
235.0000000000259,0.0013678721887892987
236.00000000002598,0.0016192569795404682
237.0000000000261,0.0012715819089799357
238.0000000000262,0.0009857506063499022
239.00000000002632,0.0009625368934391442
240.00000000002643,0.0010573173765919847
241.00000000002655,0.000907240225064524
242.00000000002666,0.0009859308364803029
243.00000000002677,0.0014890090917856705
244.0000000000269,0.0014098236772574777
245.00000000002697,0.0018055307058003026
246.0000000000271,0.002807321900811558
247.0000000000272,0.0018908991986931777
248.0000000000273,0.001152886829420262
249.00000000002743,0.0010521891126306134
250.00000000002754,0.0008371097401861737
251.00000000002765,0.0007972081973975604
252.00000000002774,0.0011606448130373687
253.00000000002785,0.0010206870320771855
254.00000000002797,0.0005516848745581675
255.00000000002808,0.0007901816435325385
256.0000000000282,0.0017418769591694828
257.0000000000283,0.0011918357859762496
258.0000000000284,0.001061282554439702
259.00000000002854,0.0018117752255011241
260.00000000002865,0.0023537836455045243
261.00000000002876,0.002387740504635833
262.0000000000289,0.002826957279216753
263.000000000029,0.002568094639956461
264.0000000000291,0.001356207937623636
265.00000000002916,0.0010382808658515401
266.0000000000293,0.0010378876417426845
267.0000000000294,0.0012891401516179457
268.0000000000295,0.00102380196418687
269.0000000000296,0.0012659238793442322
270.00000000002973,0.0009213438300185568
271.00000000002984,0.0008796673124904002
272.00000000002996,0.0015568273586075093
273.00000000003007,0.0013823216755770047
274.0000000000302,0.0013876807740401981
275.0000000000303,0.0009620847625269525
276.0000000000304,0.0010738937741306134
277.0000000000305,0.0010187065266386883
278.00000000003064,0.0005972622833005078
279.00000000003075,0.001490821232472708
280.0000000000308,0.0011886630703931275
281.0000000000309,0.000715629004683069
282.00000000003104,0.0007984537744808828
283.00000000003115,0.0006723637695456801
284.00000000003126,0.0008091623812851868
285.0000000000314,0.0011131975447836386
286.0000000000315,0.0006147235022344402
287.0000000000316,0.0008646049651816102
288.0000000000317,0.0009567677730619806
289.00000000003183,0.0008784617264302076
290.00000000003195,0.0008900856460177806
291.00000000003206,0.0005402269756787492
292.0000000000322,0.0007691047581513479
293.0000000000323,0.001300963966431205
294.0000000000324,0.0010021934904752348
295.0000000000325,0.0010783483183195916
296.0000000000326,0.0007779968567151675
297.0000000000327,0.001010774659805396
298.0000000000328,0.0010120989434571587
299.0000000000329,0.0010538273220534714
300.000000000033,0.0006209158922558848
301.00000000003314,0.0006463974895165181
302.00000000003325,0.0006220905151826528
303.00000000003337,0.00041631680403172414
304.0000000000335,0.0006380888596106311
305.0000000000336,0.0006068241895646263
306.0000000000337,0.0007923084564971424
307.0000000000338,0.0007115228720785306
308.00000000003394,0.00044216375685374203
309.00000000003405,0.0003935112450013053
310.00000000003416,0.0007347696078002459
311.0000000000343,0.0008008374587267971
312.00000000003433,0.0008207168313857524
313.00000000003445,0.0007662830763422572
314.00000000003456,0.0006897697376001132
315.0000000000347,0.0005660519411499826
316.0000000000348,0.0008697218159952584
317.0000000000349,0.0005561541192769363
318.000000000035,0.0006258437311589101
319.00000000003513,0.0010587393628698663
320.00000000003524,0.0011378571158114504
321.00000000003536,0.0010876954559302717
322.00000000003547,0.001109672321910373
323.0000000000356,0.0006990356442010038
324.0000000000357,0.0004428791437206927
325.0000000000358,0.000518701681964393
326.0000000000359,0.00048285611977514904
327.00000000003604,0.000579279767082261
328.00000000003615,0.00047535361729147843
329.0000000000362,0.00047159458966516764
330.0000000000363,0.000604979741525414
331.00000000003644,0.0004925353383700828
332.00000000003655,0.0005796597263418727
333.00000000003666,0.00036650051696130446
334.0000000000368,0.0007047620169098838
335.0000000000369,0.0006630911949670257
336.000000000037,0.0002927274970253763
337.0000000000371,0.0001819784826115333
338.00000000003723,0.0004902273190848742
339.00000000003735,0.0006471925677082319
340.00000000003746,0.0007561674117833232
341.0000000000376,0.0004919512701799022
342.0000000000377,0.00040005887626135515
343.0000000000378,0.00034457350101541154
344.00000000003786,0.0003725419442658895
345.00000000003797,0.0002621818108642685
346.0000000000381,0.00045874966003907737
347.0000000000382,0.0006088354493080122
348.0000000000383,0.0005164275770936533
349.0000000000384,0.00014690782133055933
350.00000000003854,0.0001616713503423684
351.00000000003865,0.000231307257963711
352.00000000003877,0.00030182800427790287
353.0000000000389,0.000257940263864422
354.000000000039,0.0002895121286132696
355.0000000000391,0.0003514257043041524
356.0000000000392,0.00041211967608736547
357.00000000003934,0.0002280637772955882
358.00000000003945,0.00017522463492924866
359.00000000003956,0.00015778161879250333
360.0000000000397,0.00016983846626732554
361.00000000003973,0.0001547035716003576
362.00000000003985,0.00022646682358445932
363.00000000003996,0.00018504344737022886
364.0000000000401,0.00011937617848520512
365.0000000000402,0.00015916308615139465
366.0000000000403,0.00015256438019609257
367.0000000000404,0.00016761535825025019
368.00000000004053,0.00022786831058288173
369.00000000004064,0.00026028289054423723
370.00000000004076,0.00020228288993257013
371.00000000004087,0.00019306243031538213
372.000000000041,0.00017755983244947243
373.0000000000411,0.0001282105658172456
374.0000000000412,7.797977859471754e-05
375.0000000000413,7.585150863990682e-05
376.0000000000414,8.915271894991015e-05
377.0000000000415,7.462397366678035e-05
378.0000000000416,5.1998637256940236e-05
379.0000000000417,4.1856745283645305e-05
380.00000000004184,4.924369386106855e-05
381.00000000004195,6.660389897769339e-05
382.00000000004206,9.258329203828803e-05
383.0000000000422,8.084426708412416e-05
384.0000000000423,7.092205648428239e-05
385.0000000000424,7.908010436178039e-05
386.0000000000425,7.04049876332656e-05
387.00000000004263,9.518187920858526e-05
388.00000000004275,7.632120530155834e-05
389.00000000004286,5.5512373812906695e-05
390.000000000043,6.496074980020465e-05
391.0000000000431,8.036486802124413e-05
392.0000000000432,7.523988623310981e-05
393.00000000004326,4.2076722718617755e-05
394.00000000004337,1.9656876469475864e-05
395.0000000000435,1.957788674563888e-05
396.0000000000436,2.2758613321706398e-05
397.0000000000437,1.8593617676876873e-05
398.0000000000438,2.062527293831449e-05
399.00000000004394,2.580582062706874e-05
400.00000000004405,2.0430959834381717e-05
401.00000000004417,1.935931504648391e-05
402.0000000000443,1.934343824283375e-05
403.0000000000444,1.464020839866289e-05
404.0000000000445,1.9940448745760873e-05
405.0000000000446,1.767598933986968e-05
406.00000000004474,1.856686661513886e-05
407.00000000004485,1.4558256206442762e-05
408.0000000000449,1.2626788803864983e-05
409.000000000045,8.20474910356779e-06
410.00000000004513,9.560963096613262e-06
411.00000000004525,1.191096357758894e-05
412.00000000004536,1.4925183610007181e-05
413.0000000000455,1.4747591383571036e-05
414.0000000000456,7.364792583066168e-06
415.0000000000457,1.0007392227220474e-05
416.0000000000458,1.2611555273278905e-05
417.00000000004593,9.222339927971655e-06
418.00000000004604,8.426891417879523e-06
419.00000000004616,5.301539833867405e-06
420.00000000004627,5.5301913031766855e-06
421.0000000000464,6.778270527970439e-06
422.0000000000465,5.393088565817582e-06
423.0000000000466,6.539885673982844e-06
424.0000000000467,7.145045706029657e-06
425.0000000000468,7.600435552325775e-06
426.0000000000469,6.57877848652566e-06
427.000000000047,4.197234058971058e-06
428.0000000000471,3.197228477634751e-06
429.00000000004724,3.924568386116595e-06
430.00000000004735,4.4453496847349475e-06
431.00000000004746,3.249928020054505e-06
432.0000000000476,2.0124939411888284e-06
433.0000000000477,1.7296981831394735e-06
434.0000000000478,3.602121252818533e-06
435.0000000000479,2.0022876923181575e-06
436.00000000004803,1.7141388039230049e-06
437.00000000004815,2.081187272157277e-06
438.00000000004826,2.199329775657769e-06
439.0000000000484,1.7243980950299864e-06
440.00000000004843,1.6500893702639e-06
441.00000000004854,1.1592780322354383e-06
442.00000000004866,1.1130909097780569e-06
443.0000000000488,1.3324957240635392e-06
444.0000000000489,1.0744252527091563e-06
445.000000000049,1.1482958034377286e-06
446.0000000000491,1.315140348105262e-06
447.0000000000492,1.03138507360737e-06
448.00000000004934,7.945116602837384e-07
449.00000000004945,7.573093369921996e-07
450.00000000004957,7.666889307041136e-07
451.0000000000497,1.3234036300342493e-06
452.0000000000498,1.046254631070847e-06
453.0000000000499,4.3050707831359626e-07
454.00000000005,3.5468588791065287e-07
455.00000000005014,4.069219512416884e-07
456.00000000005025,3.574702149590607e-07
457.0000000000503,3.5533445256422855e-07
458.0000000000504,3.390608354547984e-07
459.00000000005053,4.2057404370393527e-07
460.00000000005065,3.1230698939512213e-07
461.00000000005076,3.943049386377151e-07
462.0000000000509,4.3276862889037507e-07
463.000000000051,3.6423520585239144e-07
464.0000000000511,3.285478264371256e-07
465.0000000000512,2.59810495304603e-07
466.00000000005133,3.069850609151197e-07
467.00000000005144,2.315903025786263e-07
468.00000000005156,1.5934595990938488e-07
469.00000000005167,1.4957180016918821e-07
470.0000000000518,1.4974844920568365e-07
471.0000000000519,1.5232422273119843e-07
472.00000000005195,1.9636754238607117e-07
473.00000000005207,1.1708482358032924e-07
474.0000000000522,1.1273312379674619e-07
475.0000000000523,1.3572326750481482e-07
476.0000000000524,1.0452177610026923e-07
477.0000000000525,5.730808894486596e-08
478.00000000005264,5.1898893050360936e-08
479.00000000005275,5.430972853177112e-08
480.00000000005286,9.118152217841774e-08
481.000000000053,8.592712634227e-08
482.0000000000531,6.540263002235663e-08
483.0000000000532,4.946609204966965e-08
484.0000000000533,4.3585186287357796e-08
485.00000000005343,4.9522857012892374e-08
486.00000000005355,2.9792522347934633e-08
487.00000000005366,2.842115313429477e-08
488.0000000000538,4.6069877776875775e-08
489.00000000005383,4.87667135680552e-08
490.00000000005394,2.9078303465164122e-08
491.00000000005406,2.277243979488839e-08
492.0000000000542,3.462862432379126e-08
493.0000000000543,2.4076956247436277e-08
494.0000000000544,1.4228011296857806e-08
495.0000000000545,1.5702397722642488e-08
496.0000000000546,1.7692753610725e-08
497.00000000005474,2.5003456406786516e-08
498.00000000005485,2.0498414643636255e-08
499.00000000005497,9.32607769134768e-09
500.0000000000551,1.1132095214512966e-08
501.0000000000552,2.045721500272561e-08
502.0000000000553,1.713572218365993e-08
503.0000000000554,1.2046990851993537e-08
504.0000000000555,1.0649280568174008e-08
505.0000000000556,1.242858704738799e-08
506.0000000000557,7.311581038199811e-09
507.0000000000558,6.026796163606544e-09
508.00000000005593,9.240353381891647e-09
509.00000000005605,1.2690448034253392e-08
510.00000000005616,8.758784360325893e-09
511.0000000000563,7.53749567468653e-09
512.0000000000564,6.148543695079603e-09
513.0000000000565,3.91423188652195e-09
514.0000000000566,3.3215415562823873e-09
515.0000000000567,4.167516121828527e-09
516.0000000000568,4.907477348913914e-09
517.000000000057,4.557744447423308e-09
518.0000000000571,3.689936718674175e-09
519.0000000000572,2.258739553334632e-09
520.0000000000573,2.258626580750332e-09
521.0000000000574,2.1096557022336637e-09
522.0000000000575,2.1081907766438397e-09
523.0000000000576,2.2319282713223087e-09
524.0000000000578,2.9327635618999936e-09
525.0000000000579,3.3029605501941874e-09
526.000000000058,2.2566976456146072e-09
527.0000000000581,2.1423514870445544e-09
528.0000000000582,1.797955602448355e-09
529.0000000000582,1.2035233182606589e-09
530.0000000000583,1.193355887006708e-09
531.0000000000584,1.2551448741792281e-09
532.0000000000585,1.2180253106116438e-09
533.0000000000587,1.169935651057772e-09
534.0000000000588,8.589107703688995e-10
535.0000000000589,7.634898992152844e-10
536.000000000059,9.285556611393607e-10
537.0000000000591,8.289686581095724e-10
538.0000000000592,7.42344642353749e-10
539.0000000000593,6.495921035387357e-10
540.0000000000595,7.177392802585622e-10
541.0000000000596,7.298574391365496e-10
542.0000000000597,7.579664992046128e-10
543.0000000000598,6.337946877302042e-10
544.0000000000599,5.158401941284823e-10
545.00000000006,6.561815270439136e-10
546.0000000000601,6.261111397409699e-10
547.0000000000603,5.349696967688532e-10
548.0000000000604,4.5193164571868605e-10
549.0000000000605,4.500509026654801e-10
550.0000000000606,4.1076204309527157e-10
551.0000000000607,3.59534440118659e-10
552.0000000000608,4.046053990549374e-10
553.0000000000609,4.0057265672222615e-10
554.000000000061,3.5163599912164633e-10
555.0000000000612,3.179404525272528e-10
556.0000000000613,2.9400203878040036e-10
557.0000000000614,2.982612071639569e-10
558.0000000000615,2.816077493812793e-10
559.0000000000616,2.643073838375441e-10
560.0000000000616,2.3138154152749453e-10
561.0000000000617,1.8583955452167176e-10
562.0000000000618,1.6788011317829992e-10
563.000000000062,1.5802430128416038e-10
564.0000000000621,1.378190990577786e-10
565.0000000000622,1.4677896732740508e-10
566.0000000000623,1.646538075612968e-10
567.0000000000624,1.4730172657282157e-10
568.0000000000625,1.3228952624240966e-10
569.0000000000626,1.232017169274681e-10
570.0000000000628,1.0912299318490578e-10
571.0000000000629,1.0200816146723826e-10
572.000000000063,1.0244592147982596e-10
573.0000000000631,1.0075094096376784e-10
574.0000000000632,9.490595395385494e-11
575.0000000000633,8.78524089393473e-11
576.0000000000634,7.35724756707435e-11
577.0000000000636,7.356082475497087e-11
578.0000000000637,7.697897087460129e-11
579.0000000000638,7.698249971930843e-11
580.0000000000639,7.265892897743257e-11
581.000000000064,6.551727730320841e-11
582.0000000000641,6.33331564456351e-11
583.0000000000642,5.812697292020973e-11
584.0000000000643,5.088053188315684e-11
585.0000000000645,4.761107147789156e-11
586.0000000000646,4.553407322710533e-11
587.0000000000647,4.3767942349224044e-11
588.0000000000648,4.1443763748357534e-11
589.0000000000649,3.6832900705684406e-11
590.000000000065,3.4333426848511946e-11
591.0000000000651,3.436366325159608e-11
592.0000000000653,3.155914715941683e-11
593.0000000000653,2.6403324102992413e-11
594.0000000000654,2.410935096283915e-11
595.0000000000655,2.5065437036856874e-11
596.0000000000656,2.4935832607217805e-11
597.0000000000657,2.294384790921132e-11
598.0000000000658,2.1955267634256098e-11
599.0000000000659,2.1186520609192896e-11
600.000000000066,1.968702110344284e-11
601.0000000000662,1.8983282505462585e-11
602.0000000000663,1.8239806969643197e-11
603.0000000000664,1.697720049815108e-11
604.0000000000665,1.6179800546569694e-11
605.0000000000666,1.506341923727172e-11
606.0000000000667,1.3899967813880594e-11
607.0000000000668,1.343498003595177e-11
608.000000000067,1.3133382102685928e-11
609.0000000000671,1.2736738784505685e-11
610.0000000000672,1.1960135724117642e-11
611.0000000000673,1.0937796190937983e-11
612.0000000000674,9.955725004323156e-12
613.0000000000675,9.274924667179005e-12
614.0000000000676,8.559235586471786e-12
615.0000000000678,7.858920996710852e-12
616.0000000000679,7.859584636657446e-12
617.000000000068,7.975174830730598e-12
618.0000000000681,7.316482700719913e-12
619.0000000000682,6.604002857936259e-12
620.0000000000683,6.151480145687956e-12
621.0000000000684,5.822713003252274e-12
622.0000000000686,5.53110012459486e-12
623.0000000000687,5.3053068005777985e-12
624.0000000000687,5.125757466363232e-12
625.0000000000688,4.876798491691079e-12
626.0000000000689,4.571038306618345e-12
627.000000000069,4.363873965812659e-12
628.0000000000691,4.090236363124405e-12
629.0000000000692,3.738638036770369e-12
630.0000000000693,3.5546695310442495e-12
631.0000000000695,3.38595408729705e-12
632.0000000000696,3.1516738590229417e-12
633.0000000000697,2.935263064215006e-12
634.0000000000698,2.745085142952887e-12
635.0000000000699,2.638770271923402e-12
636.00000000007,2.5042964462472057e-12
637.0000000000701,2.3889853768304207e-12
638.0000000000703,2.2672541841922914e-12
639.0000000000704,2.0905962960239733e-12
640.0000000000705,1.9640998539294775e-12
641.0000000000706,1.8696873233698604e-12
642.0000000000707,1.7288317891067846e-12
643.0000000000708,1.60928141211473e-12
644.0000000000709,1.5222614945919316e-12
645.000000000071,1.4358341904379668e-12
646.0000000000712,1.3473786405007979e-12
647.0000000000713,1.2727675465589745e-12
648.0000000000714,1.191922595245691e-12
649.0000000000715,1.1307927221730414e-12
650.0000000000716,1.0890402491642349e-12
651.0000000000717,1.0280727968596893e-12
652.0000000000719,9.460629268324001e-13
653.000000000072,8.811440253011941e-13
654.0000000000721,8.274942301162649e-13
655.0000000000722,7.834520107520172e-13
656.0000000000723,7.501655972365147e-13
657.0000000000723,7.143682818573958e-13
658.0000000000724,6.696259661941673e-13
659.0000000000725,6.300748737051456e-13
660.0000000000726,5.899944336743268e-13
661.0000000000728,5.478511234069017e-13
662.0000000000729,5.085650107033595e-13
663.000000000073,4.789400412703976e-13
664.0000000000731,4.5306690388637915e-13
665.0000000000732,4.3291945953170734e-13
666.0000000000733,4.061971640363852e-13
667.0000000000734,3.81213833925244e-13
668.0000000000736,3.610311672188337e-13
669.0000000000737,3.3885914770827945e-13
670.0000000000738,3.176405038441499e-13
671.0000000000739,3.0204806843969116e-13
672.000000000074,2.820204687248233e-13
673.0000000000741,2.615943091112124e-13
674.0000000000742,2.4569530518800987e-13
675.0000000000744,2.318409537901515e-13
676.0000000000745,2.162819379515976e-13
677.0000000000746,2.0323207748137379e-13
678.0000000000747,1.8956839668048303e-13
679.0000000000748,1.7758808663472007e-13
680.0000000000749,1.6722207597084844e-13
681.000000000075,1.59150406646936e-13
682.0000000000751,1.494551661571567e-13
683.0000000000753,1.3957942347613078e-13
684.0000000000754,1.3093979725992707e-13
685.0000000000755,1.2377938209593147e-13
686.0000000000756,1.1604284975977846e-13
687.0000000000757,1.0928651952701525e-13
688.0000000000757,1.0213801911179819e-13
689.0000000000758,9.597044341808152e-14
690.0000000000759,8.937651210153187e-14
691.000000000076,8.396619640695222e-14
692.0000000000762,7.895523748968783e-14
693.0000000000763,7.430145085653745e-14
694.0000000000764,6.926935796930297e-14
695.0000000000765,6.51414504024377e-14
696.0000000000766,6.102972678294827e-14
697.0000000000767,5.74355994096421e-14
698.0000000000769,5.375768990765479e-14
699.000000000077,5.05882810512164e-14
700.0000000000771,4.705653039601664e-14
701.0000000000772,4.4071410581042814e-14
702.0000000000773,4.1052077988362803e-14
703.0000000000774,3.859902354860957e-14
704.0000000000775,3.6129645138733686e-14
705.0000000000776,3.3957810132343374e-14
706.0000000000778,3.1478576694552053e-14
707.0000000000779,2.952451936530921e-14
708.000000000078,2.7590577355085888e-14
709.0000000000781,2.5966298452615592e-14
710.0000000000782,2.4170171919178796e-14
711.0000000000783,2.2687512396117308e-14
712.0000000000784,2.113023374593002e-14
713.0000000000786,1.988990524205376e-14
714.0000000000787,1.8513799120548485e-14
715.0000000000788,1.73738579306e-14
716.0000000000789,1.611901077371223e-14
717.000000000079,1.5139309100451415e-14
718.0000000000791,1.4082254851015306e-14
719.0000000000792,1.322880956204836e-14
720.0000000000794,1.2281858393752976e-14
721.0000000000794,1.1555569580396615e-14
722.0000000000795,1.0740301245632545e-14
723.0000000000796,1.0091832667261861e-14
724.0000000000797,9.358700722000682e-15
725.0000000000798,8.807496879525559e-15
726.0000000000799,8.158273005400654e-15
727.00000000008,7.649090504890375e-15
728.0000000000801,7.075955826910214e-15
729.0000000000803,6.649254031718517e-15
730.0000000000804,6.156501634891459e-15
731.0000000000805,5.787653370257569e-15
732.0000000000806,5.350210763485216e-15
733.0000000000807,5.033346623893543e-15
734.0000000000808,4.654639966956665e-15
735.000000000081,4.3760256270299334e-15
736.0000000000811,4.038775147949766e-15
737.0000000000812,3.796336169651992e-15
738.0000000000813,3.4994658699005503e-15
739.0000000000814,3.291169705616973e-15
740.0000000000815,3.032759060001489e-15
741.0000000000816,2.85085032735801e-15
742.0000000000817,2.6212277677785107e-15
743.0000000000819,2.4665813470746017e-15
744.000000000082,2.2715322434724786e-15
745.0000000000821,2.1405224129940394e-15
746.0000000000822,1.9652992374111e-15
747.0000000000823,1.8499261788690874e-15
748.0000000000824,1.6969948871972353e-15
749.0000000000825,1.597988572547301e-15
750.0000000000827,1.465483953872826e-15
751.0000000000828,1.3814806094028855e-15
752.0000000000828,1.2628653279719485e-15
753.0000000000829,1.189839269471321e-15
754.000000000083,1.087857376376162e-15
755.0000000000831,1.0264990661242776e-15
756.0000000000832,9.366294042224195e-16
757.0000000000833,8.839662496094263e-16
758.0000000000834,8.060058587626578e-16
759.0000000000836,7.610536586952124e-16
760.0000000000837,6.918874890025663e-16
761.0000000000838,6.542300726538567e-16
762.0000000000839,5.945456977395714e-16
763.000000000084,5.620065892174891e-16
764.0000000000841,5.093319531455323e-16
765.0000000000842,4.824450107518751e-16
766.0000000000844,4.3668304354895714e-16
767.0000000000845,4.137988531389023e-16
768.0000000000846,3.7358894515376227e-16
769.0000000000847,3.5430206817539424e-16
770.0000000000848,3.192161105480758e-16
771.0000000000849,3.0320632668251757e-16
772.000000000085,2.72609765319137e-16
773.0000000000852,2.592602690802999e-16
774.0000000000853,2.3245038026198464e-16
775.0000000000854,2.2142716395469513e-16
776.0000000000855,1.9816452549715757e-16
777.0000000000856,1.8905342192312363e-16
778.0000000000857,1.6860397471156355e-16
779.0000000000858,1.6114710789786774e-16
780.000000000086,1.4332858814259356e-16
781.0000000000861,1.372445782009453e-16
782.0000000000862,1.2170177534378946e-16
783.0000000000863,1.1680655251757824e-16
784.0000000000864,1.0322694444760358e-16
785.0000000000864,9.927828028913005e-17
786.0000000000865,8.741568101485755e-17
787.0000000000866,8.431992914354167e-17
788.0000000000867,7.396590081465634e-17
789.0000000000869,7.153563503560816e-17
790.000000000087,6.249291597585178e-17
791.0000000000871,6.06160253533083e-17
792.0000000000872,5.2713067824229006e-17
793.0000000000873,5.1311037556270305e-17
794.0000000000874,4.4418291428250784e-17
795.0000000000875,4.3406663792476735e-17
796.0000000000877,3.737834202622776e-17
797.0000000000878,3.666193471209213e-17
798.0000000000879,3.139787154565355e-17
799.000000000088,3.094209444344747e-17
800.0000000000881,2.634657764358386e-17
801.0000000000882,2.6094231307104028e-17
802.0000000000883,2.207773536403813e-17
803.0000000000884,2.1981188734143973e-17
804.0000000000886,1.8472562730420997e-17
805.0000000000887,1.8503657635971384e-17
806.0000000000888,1.5437609865870233e-17
807.0000000000889,1.5560767475690315e-17
808.000000000089,1.2879886587122829e-17
809.0000000000891,1.3075820581551693e-17
810.0000000000892,1.0730567615887618e-17
811.0000000000894,1.0977963541445393e-17
812.0000000000895,8.929627102976727e-18
813.0000000000896,9.214214726202487e-18
814.0000000000897,7.421268380137818e-18
815.0000000000898,7.728725233228814e-18
816.0000000000898,6.159891377190074e-18
817.0000000000899,6.479643024669836e-18
818.00000000009,5.1073085445553e-18
819.0000000000902,5.431304113769554e-18
820.0000000000903,4.2301369354170786e-18
821.0000000000904,4.552565683521411e-18
822.0000000000905,3.501288002630868e-18
823.0000000000906,3.816546330979e-18
824.0000000000907,2.896128524927189e-18
825.0000000000908,3.2009614829358432e-18
826.000000000091,2.3948549297321254e-18
827.0000000000911,2.6864794506485235e-18
828.0000000000912,1.9803602307621346e-18
829.0000000000913,2.2569355821832632e-18
830.0000000000914,1.6384130292498733e-18
831.0000000000915,1.8986649246531797e-18
832.0000000000916,1.356942047861008e-18
833.0000000000917,1.6003543613250628e-18
834.0000000000919,1.1257510243506625e-18
835.000000000092,1.3519955315569179e-18
836.0000000000921,9.361755104880368e-19
837.0000000000922,1.1454153259484663e-18
838.0000000000923,7.811374884581284e-19
839.0000000000924,9.737560574062028e-19
840.0000000000925,6.545862089048484e-19
841.0000000000927,8.311522263911051e-19
842.0000000000928,5.5153511981604e-19
843.0000000000929,7.127059461387545e-19
844.000000000093,4.6775525906263285e-19
845.0000000000931,6.143440381709445e-19
846.0000000000932,3.9982328044792787e-19
847.0000000000933,5.326832604334176e-19
848.0000000000935,3.4481964464175484e-19
849.0000000000935,4.648261841796791e-19
850.0000000000936,3.0036671937665945e-19
851.0000000000937,4.084259661419265e-19
852.0000000000938,2.6449103112795027e-19
853.0000000000939,3.6149287735340245e-19
854.000000000094,2.355602941469716e-19
855.0000000000941,3.2237831988119147e-19
856.0000000000942,2.1224000982702984e-19
857.0000000000944,2.897193263345196e-19
858.0000000000945,1.9343763436933614e-19
859.0000000000946,2.623858685299958e-19
860.0000000000947,1.7825656124333605e-19
861.0000000000948,2.394421893379063e-19
862.0000000000949,1.6597034512967493e-19
863.000000000095,2.201154163676788e-19
864.0000000000952,1.559858146086313e-19
865.0000000000953,2.0376794658455722e-19
866.0000000000954,1.478258136627516e-19
867.0000000000955,1.8987300524213978e-19
868.0000000000956,1.4110653049706857e-19
869.0000000000957,1.7800029452675347e-19
870.0000000000958,1.3551688578937648e-19
871.000000000096,1.6779527462327168e-19
872.0000000000961,1.3081087707209977e-19
873.0000000000962,1.5896661271135446e-19
874.0000000000963,1.2679238910673832e-19
875.0000000000964,1.5127561742663686e-19
876.0000000000965,1.2330620770186293e-19
877.0000000000966,1.445268880491571e-19
878.0000000000967,1.2023050060680285e-19
879.0000000000969,1.3856084992971943e-19
880.0000000000969,1.1746985261276882e-19
881.000000000097,1.3324663758337994e-19
882.0000000000971,1.1495055963125773e-19
883.0000000000972,1.2847729868421557e-19
884.0000000000973,1.1261596657398888e-19
885.0000000000974,1.241653281753378e-19
886.0000000000975,1.1042283746888742e-19
887.0000000000977,1.2023942682951873e-19
888.0000000000978,1.0833855926106534e-19
889.0000000000979,1.1664100477376862e-19
890.000000000098,1.063390099615172e-19
891.0000000000981,1.133221856586643e-19
892.0000000000982,1.0440652392300573e-19
893.0000000000983,1.1024359560073377e-19
894.0000000000985,1.025284557191558e-19
895.0000000000986,1.0737294926198576e-19
896.0000000000987,1.006959776436805e-19
897.0000000000988,1.0468362556448742e-19
898.0000000000989,9.89031604858695e-20
899.000000000099,1.0215362427300206e-19
900.0000000000991,9.714623792868483e-20
901.0000000000992,9.976472097394487e-20
902.0000000000994,9.54229997849329e-20
903.0000000000995,9.750175341788121e-20
904.0000000000996,9.373237301620121e-20
905.0000000000997,9.535206311566426e-20
906.0000000000998,9.207406957809133e-20
907.0000000000999,9.330501689895433e-20
908.0000000001,9.04483227435474e-20
909.0000000001002,9.135165787739075e-20
910.0000000001003,8.885568914472746e-20
911.0000000001004,8.948439648384605e-20
912.0000000001005,8.729691154578841e-20
913.0000000001005,8.769676277466136e-20
914.0000000001006,8.577280169762521e-20
915.0000000001007,8.598322498625478e-20
916.0000000001008,8.428418480617172e-20
917.000000000101,8.433900926986293e-20
918.0000000001011,8.283182855064449e-20
919.0000000001012,8.275999517861761e-20
920.0000000001013,8.141642240765468e-20
921.0000000001014,8.124259173463486e-20
922.0000000001015,8.003856096682416e-20
923.0000000001016,7.978366431698642e-20
924.0000000001017,7.869872664017604e-20
925.0000000001019,7.838045868931987e-20
926.000000000102,7.73972934368386e-20
927.0000000001021,7.703054483442033e-20
928.0000000001022,7.613452412605488e-20
929.0000000001023,7.57317723718931e-20
930.0000000001024,7.491058362203974e-20
931.0000000001025,7.448222604132739e-20
932.0000000001027,7.372554136711949e-20
933.0000000001028,7.328019747451526e-20
934.0000000001029,7.257938715938517e-20
935.000000000103,7.212415957179053e-20
936.0000000001031,7.147203039429861e-20
937.0000000001032,7.101273755204768e-20
938.0000000001033,7.040332146710842e-20
939.0000000001035,6.994468997945292e-20
940.0000000001036,6.937305485041294e-20
941.0000000001037,6.891889910167876e-20
942.0000000001038,6.838098161433058e-20
943.0000000001039,6.793434850958721e-20
944.0000000001039,6.742681072033284e-20
945.000000000104,6.699011313056146e-20
946.0000000001041,6.651022996619024e-20
947.0000000001043,6.608535127896208e-20
948.0000000001044,6.563090076019452e-20
949.0000000001045,6.521929334215837e-20
950.0000000001046,6.478846938675515e-20
951.0000000001047,6.439123252064033e-20
952.0000000001048,6.398257468161577e-20
953.0000000001049,6.360052218485975e-20
954.000000000105,6.321284516147991e-20
955.0000000001052,6.284656717691214e-20
956.0000000001053,6.24789133793331e-20
957.0000000001054,6.212881311960405e-20
958.0000000001055,6.17804147625693e-20
959.0000000001056,6.144675702156407e-20
960.0000000001057,6.111698441948355e-20
961.0000000001058,6.079992786527921e-20
962.000000000106,6.048827409870671e-20
963.0000000001061,6.018788762379206e-20
964.0000000001062,5.989394105064974e-20
965.0000000001063,5.961023696814048e-20
966.0000000001064,5.933365620028036e-20
967.0000000001065,5.90666038694118e-20
968.0000000001066,5.880710515389587e-20
969.0000000001068,5.85566406086976e-20
970.0000000001069,5.831398780345234e-20
971.000000000107,5.808002744281957e-20
972.0000000001071,5.785402370482183e-20
973.0000000001072,5.763647168371773e-20
974.0000000001073,5.742694186464958e-20
975.0000000001074,5.722569974387455e-20
976.0000000001075,5.703249605541723e-20
977.0000000001075,5.684746268430215e-20
978.0000000001077,5.66704573240466e-20
979.0000000001078,5.650153288104897e-20
980.0000000001079,5.634060731346564e-20
981.000000000108,5.618769981571736e-20
982.0000000001081,5.604275902314719e-20
983.0000000001082,5.59057794987809e-20
984.0000000001083,5.57767305985216e-20
985.0000000001085,5.565560259308661e-20
986.0000000001086,5.554236963739659e-20
987.0000000001087,5.543701954527522e-20
988.0000000001088,5.533953462770408e-20
989.0000000001089,5.52499029956887e-20
990.000000000109,5.516810733271604e-20
991.0000000001091,5.509414008762702e-20
992.0000000001093,5.502798749210486e-20
993.0000000001094,5.496963978273252e-20
994.0000000001095,5.49190897564541e-20
995.0000000001096,5.487633045962628e-20
996.0000000001097,5.484135155541893e-20
997.0000000001098,5.481415273684892e-20
998.0000000001099,5.479472753891983e-20
999.00000000011,5.478307457684537e-20
1000.0000000001102,2.7389594205129043e-20
